Algorithm,Speed (Episodes per Second)
PPO,1057.7519985877486
SAC,4813.293550608217
